FOKSZAM;FOKNEV;NYTART;NYKOV;TART;KOV;IDTARTE;IDKOVE;TARTE;KOVE;TARTDEV;KOVDEV;TARTDEVE;KOVDEVE;DEVNEM;MSZ;KIVALASZT;JELLEG;BSZLASZ
1;BEFEKTETETT ESZKÖZÖK;0;0;20179840;13698308;6481532;0;6481532;0;0.00;0.00;0.00;0.00;;;HAMIS;8;
13;MÛSZAKI GÉPEK, BERENDEZÉSEK, JÁRMÛVEK;0;0;241228;125921;115307;0;115307;0;0.00;0.00;0.00;0.00;;;HAMIS;8;
131;Termelõ gépek, berendezések, szerszámok, gyártóeszközök;0;0;241228;0;241228;0;241228;0;0.00;0.00;0.00;0.00;;;HAMIS;7;
139;Mûszaki berendezések, gépek, jármûvek terv szerinti értékcsökkenése;0;0;0;125921;0;125921;0;125921;0.00;0.00;0.00;0.00;;;HAMIS;8;
1391;Termelõ gépek terv szerinti értékcsökkenése;0;0;0;125921;0;125921;0;125921;0.00;0.00;0.00;0.00;;;HAMIS;7;
14;EGYÉB BERENDEZÉSEK, FELSZERELÉSEK, GÉPEK, JÁRMÛVEK;0;0;19938612;13572387;6366225;0;6366225;0;0.00;0.00;0.00;0.00;;;HAMIS;8;
141;Ûzemi (üzleti) gépek, berendezések, felszerelések;0;0;550751;0;550751;0;550751;0;0.00;0.00;0.00;0.00;;;HAMIS;7;
142;Egyéb jármûvek;0;0;18461397;0;18461397;0;18461397;0;0.00;0.00;0.00;0.00;;;HAMIS;7;
143;Irodai, igazgatási berendezések és felszerelések;0;0;926464;0;926464;0;926464;0;0.00;0.00;0.00;0.00;;;HAMIS;7;
149;Egyéb berendezések, felszerelések, jármûvek terv szerinti értékcsökkenése;0;0;0;13572387;0;13572387;0;13572387;0.00;0.00;0.00;0.00;;;HAMIS;8;
1491;Üzemi (üzleti) gépek terv szerinti értékcsökkenése;0;0;0;345883;0;345883;0;345883;0.00;0.00;0.00;0.00;;;HAMIS;7;
1492;Egyéb jármûvek terv szerinti értékcsökkenése;0;0;0;12461397;0;12461397;0;12461397;0.00;0.00;0.00;0.00;;;HAMIS;7;
1493;Irodai, igazgatási berendezések terv szerinti értékcsökkenése;0;0;0;765107;0;765107;0;765107;0.00;0.00;0.00;0.00;;;HAMIS;7;
3;KÖVETELÉSEK, PÉNZÜGYI ESZKÖZÖK ÉS AKTÍV IDÕBELI ELHATÁROLÁSOK;0;0;48933148;45618493;3314655;0;3314655;0;0.00;0.00;0.00;0.00;;;HAMIS;8;
31;KÖVETELÉSEK ÁRUSZÁLLÍTÁSBÓL ÉS SZOLGÁLTATÁSBÓL (VEVÕK);0;0;10081895;10081895;0;0;0;0;0.00;0.00;0.00;0.00;;;HAMIS;8;
311;Belföldi vevõ követelések forintban;0;0;10081895;10081895;0;0;0;0;0.00;0.00;0.00;0.00;;;HAMIS;1;
35;ADOTT ELÕLEGEK;0;0;2056372;2056372;0;0;0;0;0.00;0.00;0.00;0.00;;;HAMIS;8;
352;Beruházásokra adott elõlegek;0;0;1826772;1826772;0;0;0;0;0.00;0.00;0.00;0.00;;;HAMIS;7;
354;Szolgáltatásra adott elõleg;0;0;229600;229600;0;0;0;0;0.00;0.00;0.00;0.00;;;HAMIS;7;
36;EGYÉB KÖVETELÉSEK;0;0;166050;166050;0;0;0;0;0.00;0.00;0.00;0.00;;;HAMIS;8;
361;Munkavállalókkal szembeni követelések;0;0;166050;166050;0;0;0;0;0.00;0.00;0.00;0.00;;;HAMIS;8;
3613;Egyéb elszámolások a munkavállalókkal szemben;0;0;166050;166050;0;0;0;0;0.00;0.00;0.00;0.00;;;HAMIS;7;
38;PÉNZESZKÖZÖK;0;0;36628831;33314176;3314655;0;3314655;0;0.00;0.00;0.00;0.00;;;HAMIS;8;
381;Pénztár;0;0;21769037;21032764;736273;0;736273;0;0.00;0.00;0.00;0.00;;;HAMIS;8;
3811;Fõpénztár;0;0;21769037;21032764;736273;0;736273;0;0.00;0.00;0.00;0.00;;;HAMIS;3;
384;Bankszámlák;0;0;11852294;9273912;2578382;0;2578382;0;0.00;0.00;0.00;0.00;;;HAMIS;8;
3841;Elszámolási betétszámla;0;0;11852294;9273912;2578382;0;2578382;0;0.00;0.00;0.00;0.00;;;HAMIS;4;
389;Átvezetési számla;0;0;3007500;3007500;0;0;0;0;0.00;0.00;0.00;0.00;;;HAMIS;8;
3891;Pénztár és betétszámlák köz. átvezetés;0;0;2055000;2055000;0;0;0;0;0.00;0.00;0.00;0.00;;;HAMIS;7;
3893;Elszámolások átvezetése;0;0;952500;952500;0;0;0;0;0.00;0.00;0.00;0.00;;;HAMIS;7;
4;FORRÁSOK;0;0;107561670;120777674;0;13216004;0;13216004;0.00;0.00;0.00;0.00;;;HAMIS;8;
41;SAJÁT TÕKE;0;0;22840418;28259170;0;5418752;0;5418752;0.00;0.00;0.00;0.00;;;HAMIS;8;
411;Jegyzett tõke;0;0;0;3000000;0;3000000;0;3000000;0.00;0.00;0.00;0.00;;;HAMIS;7;
413;Eredménytartalék;0;0;19081248;0;19081248;0;19081248;0;0.00;0.00;0.00;0.00;;;HAMIS;7;
414;Lekötött tartalék;0;0;0;21500000;0;21500000;0;21500000;0.00;0.00;0.00;0.00;;;HAMIS;8;
4143;Lekötött tartalék pótbefizetésbõl;0;0;0;21500000;0;21500000;0;21500000;0.00;0.00;0.00;0.00;;;HAMIS;7;
419;Adózott Eredmény;0;0;3759170;3759170;0;0;0;0;0.00;0.00;0.00;0.00;;;HAMIS;7;
44;HOSSZÚ LEJÁRATÚ KÖTELEZETTSÉGEK;0;0;1671077;6714447;0;5043370;0;5043370;0.00;0.00;0.00;0.00;;;HAMIS;8;
448;Pénzügyi lizing miatti kötelezettségek;0;0;1671077;6714447;0;5043370;0;5043370;0.00;0.00;0.00;0.00;;;HAMIS;7;
45;RÖVID LEJÁRATÚ KÖTELEZETTSÉGEK;0;0;23798156;25810297;0;2012141;0;2012141;0.00;0.00;0.00;0.00;;;HAMIS;8;
451;Rövid lajáratú kölcsön;0;0;15731000;17731000;0;2000000;0;2000000;0.00;0.00;0.00;0.00;;;HAMIS;8;
4511;Rövid lejáratú tagi kölcsön;0;0;15731000;17731000;0;2000000;0;2000000;0.00;0.00;0.00;0.00;;;HAMIS;7;
454;Szállítók;0;0;8067156;8079297;0;12141;0;12141;0.00;0.00;0.00;0.00;;;HAMIS;8;
4541;Belföldi anyag és áruszállítók;0;0;8067156;8079297;0;12141;0;12141;0.00;0.00;0.00;0.00;;;HAMIS;2;
461;Társasági adó elszámolása;0;0;80000;13000;67000;0;67000;0;0.00;0.00;0.00;0.00;;;HAMIS;7;
462;Személyi jövedelemadó elszámolása;0;0;585623;685623;0;100000;0;100000;0.00;0.00;0.00;0.00;;;HAMIS;8;
4621;Magánszemélytõl levont SZJA;0;0;576840;676840;0;100000;0;100000;0.00;0.00;0.00;0.00;;;HAMIS;7;
4623;Magánszemélyt, EV-t, kifizetõt terhelõ SZJA;0;0;8783;8783;0;0;0;0;0.00;0.00;0.00;0.00;;;HAMIS;7;
466;Elõzetesen felszámított ÁFA;0;0;884998;884998;0;0;0;0;0.00;0.00;0.00;0.00;;;HAMIS;7;
467;Fizetendõ általános forgalmi adó;0;0;1900395;1900395;0;0;0;0;0.00;0.00;0.00;0.00;;;HAMIS;7;
468;Általános forgalmi adó elszámolási számla;0;0;1681895;1961895;0;280000;0;280000;0.00;0.00;0.00;0.00;;;HAMIS;7;
469;Helyi adók elszámolási számla;0;0;215567;160356;55211;0;55211;0;0.00;0.00;0.00;0.00;;;HAMIS;8;
4695;Helyi iparûzési adó elszámolási számla;0;0;215317;160356;54961;0;54961;0;0.00;0.00;0.00;0.00;;;HAMIS;7;
4699;Egyéb helyi adó elszámolási számla;0;0;250;0;250;0;250;0;0.00;0.00;0.00;0.00;;;HAMIS;7;
471;Jövedelemadó elszámolási számla;0;0;4170438;4402390;0;231952;0;231952;0.00;0.00;0.00;0.00;;;HAMIS;8;
4711;Keresetelszámolási számla;0;0;4170438;4402390;0;231952;0;231952;0.00;0.00;0.00;0.00;;;HAMIS;7;
473;Társadalombiztosítási kötelezettség;0;0;1271000;1523000;0;252000;0;252000;0.00;0.00;0.00;0.00;;;HAMIS;8;
4733;Szociális hozzájárulás;0;0;564000;686000;0;122000;0;122000;0.00;0.00;0.00;0.00;;;HAMIS;7;
4735;TB járulék;0;0;707000;837000;0;130000;0;130000;0.00;0.00;0.00;0.00;;;HAMIS;7;
476;Rövid lejáratú egyéb kötelezettségek munkavállalókkal és tagokkal szemben;0;0;978502;978502;0;0;0;0;0.00;0.00;0.00;0.00;;;HAMIS;7;
49;ÉVI MÉRLEGSZÁMLÁK;0;0;47483601;47483601;0;0;0;0;0.00;0.00;0.00;0.00;;;HAMIS;8;
491;Nyitómérleg számla;0;0;47483601;47483601;0;0;0;0;0.00;0.00;0.00;0.00;;;HAMIS;5;
5;KÖLTSÉGNEMEK;0;0;10124187;325000;9799187;0;9799187;0;0.00;0.00;0.00;0.00;;;HAMIS;8;
51;ANYAGKÖLTSÉGEK;0;0;44552;0;44552;0;44552;0;0.00;0.00;0.00;0.00;;;HAMIS;8;
511;Vásárolt anyagok költségei;0;0;14484;0;14484;0;14484;0;0.00;0.00;0.00;0.00;;;HAMIS;8;
5116;Nyomtatványok, irodaszerek költségei;0;0;14484;0;14484;0;14484;0;0.00;0.00;0.00;0.00;;;HAMIS;7;
513;Egyéb anyagköltségek;0;0;30068;0;30068;0;30068;0;0.00;0.00;0.00;0.00;;;HAMIS;7;
52;IGÉNYBE VETT SZOLGÁLTATÁSOK KÖLTSÉGEI;0;0;4229871;325000;3904871;0;3904871;0;0.00;0.00;0.00;0.00;;;HAMIS;8;
523;Karbantartási költségek;0;0;1504515;0;1504515;0;1504515;0;0.00;0.00;0.00;0.00;;;HAMIS;7;
524;Hírdetés, reklám, propaganda költségei;0;0;1502918;0;1502918;0;1502918;0;0.00;0.00;0.00;0.00;;;HAMIS;7;
527;Telekommunikációs költségek;0;0;347810;0;347810;0;347810;0;0.00;0.00;0.00;0.00;;;HAMIS;8;
5271;Internetdíj;0;0;178516;0;178516;0;178516;0;0.00;0.00;0.00;0.00;;;HAMIS;7;
5272;Telefondíj;0;0;169294;0;169294;0;169294;0;0.00;0.00;0.00;0.00;;;HAMIS;7;
528;Számviteli szolgáltatás költségei;0;0;650000;325000;325000;0;325000;0;0.00;0.00;0.00;0.00;;;HAMIS;7;
529;Egyéb igénybe vett szolgáltatások költségei;0;0;224628;0;224628;0;224628;0;0.00;0.00;0.00;0.00;;;HAMIS;8;
5294;Jogi és egyéb szakmai tanácsadás költségei;0;0;121240;0;121240;0;121240;0;0.00;0.00;0.00;0.00;;;HAMIS;7;
5299;Ki nem emelt egyéb igénybevett szolgáltatások költségei;0;0;103388;0;103388;0;103388;0;0.00;0.00;0.00;0.00;;;HAMIS;7;
53;EGYÉB SZOLGÁLTATÁSOK KÖLTSÉGEI;0;0;637486;0;637486;0;637486;0;0.00;0.00;0.00;0.00;;;HAMIS;8;
531;Hatósági igazgatási, szolgáltatási díjak, illetékek;0;0;5000;0;5000;0;5000;0;0.00;0.00;0.00;0.00;;;HAMIS;7;
532;Pénzügyi, befektetési szolgáltatási díjak;0;0;64786;0;64786;0;64786;0;0.00;0.00;0.00;0.00;;;HAMIS;8;
5321;Bankköltség;0;0;64786;0;64786;0;64786;0;0.00;0.00;0.00;0.00;;;HAMIS;7;
533;Biztosítási dij;0;0;567700;0;567700;0;567700;0;0.00;0.00;0.00;0.00;;;HAMIS;7;
54;BÉRKÖLTSÉG;0;0;4185600;0;4185600;0;4185600;0;0.00;0.00;0.00;0.00;;;HAMIS;8;
541;Bérköltség;0;0;4185600;0;4185600;0;4185600;0;0.00;0.00;0.00;0.00;;;HAMIS;7;
55;SZEMÉLYI JELLEGÛ EGYÉB KIFIZETÉSEK;0;0;57799;0;57799;0;57799;0;0.00;0.00;0.00;0.00;;;HAMIS;8;
559;Egyéb személyi jellegû kifiz.;0;0;57799;0;57799;0;57799;0;0.00;0.00;0.00;0.00;;;HAMIS;7;
56;BÉRJÁRULÉKOK;0;0;619758;0;619758;0;619758;0;0.00;0.00;0.00;0.00;;;HAMIS;8;
561;Szociális hozzájárulási adó;0;0;619758;0;619758;0;619758;0;0.00;0.00;0.00;0.00;;;HAMIS;7;
57;ÉRTÉKCSÖKKENÉSI LEÍRÁS;0;0;349121;0;349121;0;349121;0;0.00;0.00;0.00;0.00;;;HAMIS;8;
571;Terv szerinti értékcsökkenési leírás;0;0;349121;0;349121;0;349121;0;0.00;0.00;0.00;0.00;;;HAMIS;7;
8;ÉRTÉKESÍTÉS ELSZÁMOLT ÖNKÖLTSÉGE ÉS RÁFORDÍTÁSOK;0;0;1078326;0;1078326;0;1078326;0;0.00;0.00;0.00;0.00;;;HAMIS;8;
815;Eladott (közvetített) szolgáltatások értéke;0;0;35000;0;35000;0;35000;0;0.00;0.00;0.00;0.00;;;HAMIS;7;
86;EGYÉB RÁFORDÍTÁSOK;0;0;359688;0;359688;0;359688;0;0.00;0.00;0.00;0.00;;;HAMIS;8;
863;Mérlegfordulónap elõtt bekövetkezett eseményeknek az üzleti évhez kapcsolódó ráford.;0;0;228718;0;228718;0;228718;0;0.00;0.00;0.00;0.00;;;HAMIS;8;
8632;Bírságok, kötbérek, fekbérek, késedelmi kamatok, kártéríté sek;0;0;3121;0;3121;0;3121;0;0.00;0.00;0.00;0.00;;;HAMIS;7;
86321;Le nem vonható ÁFA;0;0;225597;0;225597;0;225597;0;0.00;0.00;0.00;0.00;;;HAMIS;7;
867;Adók, illetékek, hozzájárulások;0;0;124179;0;124179;0;124179;0;0.00;0.00;0.00;0.00;;;HAMIS;8;
8672;Önkormányzatokkal elszámolt adók, illetékek, hozzájárulások;0;0;124179;0;124179;0;124179;0;0.00;0.00;0.00;0.00;;;HAMIS;7;
869;Különféle egyéb ráfordítások;0;0;6791;0;6791;0;6791;0;0.00;0.00;0.00;0.00;;;HAMIS;8;
8699;Kerekítés;0;0;6791;0;6791;0;6791;0;0.00;0.00;0.00;0.00;;;HAMIS;7;
87;PÉNZÜGYI MÛVELETEK RÁFORDÍTÁ SAI;0;0;670638;0;670638;0;670638;0;0.00;0.00;0.00;0.00;;;HAMIS;8;
873;Fizetendõ kamatok és kamtjellegû ráfordítások;0;0;670638;0;670638;0;670638;0;0.00;0.00;0.00;0.00;;;HAMIS;7;
89;NYERESÉGET TERHELÕ ADÓK;0;0;13000;0;13000;0;13000;0;0.00;0.00;0.00;0.00;;;HAMIS;8;
891;Társasági adó;0;0;13000;0;13000;0;13000;0;0.00;0.00;0.00;0.00;;;HAMIS;7;
9;ÉRTÉKESÍTÉS ÁRBEVÉTELE ÉS BEVÉTELEK;0;0;750000;8207696;0;7457696;0;7457696;0.00;0.00;0.00;0.00;;;HAMIS;8;
91;BELFÖLDI ÉRTÉKESÍTÉS ÁRBEVÉTELE;0;0;750000;7038500;0;6288500;0;6288500;0.00;0.00;0.00;0.00;;;HAMIS;8;
911;Alaptevékenység árbevétele;0;0;750000;7038500;0;6288500;0;6288500;0.00;0.00;0.00;0.00;;;HAMIS;7;
96;EGYÉB BEVÉTELEK;0;0;0;1168973;0;1168973;0;1168973;0.00;0.00;0.00;0.00;;;HAMIS;8;
963;A mérlegkészítés idõpontjáig pénzügyileg rendezett, az üzleti évhez kapcsolódó egyéb bev.;0;0;0;1163453;0;1163453;0;1163453;0.00;0.00;0.00;0.00;;;HAMIS;8;
9631;Káreseményekkel kapcsolatos kapott bevételek;0;0;0;1163453;0;1163453;0;1163453;0.00;0.00;0.00;0.00;;;HAMIS;7;
969;Különféle egyéb bevételek;0;0;0;5520;0;5520;0;5520;0.00;0.00;0.00;0.00;;;HAMIS;8;
9699;Kerekítés;0;0;0;5520;0;5520;0;5520;0.00;0.00;0.00;0.00;;;HAMIS;7;
97;PÉNZÜGYI MÛVELETEK BEVÉTELEI;0;0;0;223;0;223;0;223;0.00;0.00;0.00;0.00;;;HAMIS;8;
974;Egyéb kapott kamatok és kamatjellegû bevételek;0;0;0;223;0;223;0;223;0.00;0.00;0.00;0.00;;;HAMIS;7;
